{"filename":"/Users/sachinbhatnagar/Dropbox/My Courses/Packt - NodeJS Design Patterns/code/Section 5/5.2 - Command/code/dbs.json","collections":[{"name":"posts","data":[{"title":"My First Post","content":"Hello everyone, this is my first post!","timestamp":"2019-02-10T06:24:47.276Z","id":1549779887276,"meta":{"revision":0,"created":1549779887276,"version":0},"$loki":1},{"title":"About Design Patterns","content":"So, I'm building a course on design patterns for Node.js","timestamp":"2019-02-10T06:24:47.277Z","id":1549779887277,"meta":{"revision":0,"created":1549779887277,"version":0},"$loki":2}],"idIndex":[1,2],"binaryIndices":{},"constraints":null,"uniqueNames":[],"transforms":{},"objType":"posts","dirty":false,"cachedIndex":null,"cachedBinaryIndex":null,"cachedData":null,"adaptiveBinaryIndices":true,"transactional":false,"cloneObjects":false,"cloneMethod":"parse-stringify","asyncListeners":false,"disableMeta":false,"disableChangesApi":true,"disableDeltaChangesApi":true,"autoupdate":false,"serializableIndices":true,"ttl":null,"maxId":2,"DynamicViews":[],"events":{"insert":[],"update":[],"pre-insert":[],"pre-update":[],"close":[],"flushbuffer":[],"error":[],"delete":[null],"warning":[null]},"changes":[]}],"databaseVersion":1.5,"engineVersion":1.5,"autosave":false,"autosaveInterval":5000,"autosaveHandle":null,"throttledSaves":true,"options":{"serializationMethod":"normal","destructureDelimiter":"$<\n"},"persistenceMethod":"fs","persistenceAdapter":null,"verbose":false,"events":{"init":[null],"loaded":[],"flushChanges":[],"close":[],"changes":[],"warning":[]},"ENV":"NODEJS"}